respondent_id,lemma
1,pues
1,el
1,marca
1,vva
1,yo
1,hacer
1,sentir
1,de
1,confianza
1,seguridad
1,profesionalidad
1,generosidad
1,bueno
1,él
1,diferenciar
1,porque
1,tener
1,uno
1,marca
1,de
1,año
1,de
1,confianza
1,tener
1,mucho
1,oficina
1,por
1,todo
1,el
1,parte
1,de
1,españa
1,y
1,ese
1,venir
1,mucho
1,bien
1,y
1,yo
1,enterar
1,de
1,que
1,invertir
1,mucho
1,en
1,el
1,divulgación
1,de
1,información
1,y
1,educación
1,y
1,bueno
1,en
1,fin
1,el
1,marca
1,yo
1,parecer
1,mucho
1,buen
1,mucho
1,guay
1,yo
1,parecer
1,que
1,ser
1,uno
1,marca
1,de
1,confianza
1,y
1,seguridad
1,y
1,a
1,yo
1,yo
1,gustar
2,qué
2,tú
2,hacer
2,sentir
2,caixabank
2,pues
2,no
2,él
2,saber
2,el
2,verdad
2,porque
2,no
2,tener
2,cuenta
2,y
2,mi
2,amigo
2,tampoco
2,tener
2,cuenta
2,en
2,caixabank
2,pues
2,no
2,él
2,saber
2,el
2,verdad
2,en
2,qué
2,aspecto
2,creer
2,que
2,caixabank
2,él
2,diferenciar
2,de
2,otro
2,compañía
2,bancario
2,pues
2,como
2,no
2,él
2,conocer
2,mucho
2,bien
2,pues
2,tampoco
2,saber
2,finalmente
2,qué
2,opina
2,de
2,el
2,imagen
2,de
2,marca
2,de
2,caixabank
2,pues
2,a
2,ver
2,creer
2,que
2,ser
2,uno
2,empresa
2,bastante
2,grande
2,no
2,aunque
2,bueno
2,sentir
2,santander
2,como
2,el
2,primero
2,banco
2,de
2,españa
2,pero
2,bueno
2,aún
2,así
2,también
2,ser
2,uno
2,banco
2,potente
2,y
2,respecto
2,a
2,imagen
2,pues
2,no
2,saber
2,el
2,verdad
2,simplemente
2,él
2,que
2,conocer
2,de
2,simplemente
2,ser
2,uno
2,empresa
2,grande
2,tampoco
2,tener
2,mucho
2,historia
2,sí
2,que
2,tener
2,responsabilidad
2,y
2,tal
2,que
2,él
2,escuchar
2,de
2,el
2,cliente
2,y
2,tal
2,bueno
2,el
2,voz
2,de
2,el
2,cliente
2,y
2,sin
2,más
3,caixabank
3,yo
3,transmitir
3,seguridad
3,confianza
3,y
3,cercanía
3,sobre
3,todo
3,porque
3,estar
3,en
3,todo
3,españa
3,ser
3,uno
3,de
3,el
3,banca
3,más
3,reconocido
3,a
3,nivel
3,nacional
3,y
3,bueno
3,siempre
3,a
3,través
3,de
3,el
3,aplicación
3,o
3,cuando
3,ir
3,al
3,banco
3,pues
3,siempre
3,ser
3,súper
3,fácil
3,accesible
3,y
3,como
3,que
3,entender
3,realmente
3,él
3,que
3,necesitar
3,y
3,siempre
3,buscar
3,uno
3,mejor
3,solución
3,él
3,diferenciar
3,yo
3,creer
3,por
3,su
3,humanidad
3,su
3,compromiso
3,social
3,y
3,sobre
3,todo
3,porque
3,aparte
3,de
3,profesionalidad
3,tener
3,ese
3,cercanía
3,con
3,su
3,cliente
3,entonces
3,transmitir
3,mucho
3,seguridad
3,en
3,cuanto
3,al
3,servicio
3,que
3,ofrecer
3,sobre
3,todo
3,y
3,finalmente
3,el
3,imagen
3,de
3,marca
3,yo
3,creer
3,que
3,ser
3,mucho
3,sólido
3,ya
3,ser
3,por
3,su
3,historia
3,por
3,todo
3,el
3,trayectoria
3,que
3,haber
3,pasar
3,pero
3,también
3,porque
3,buscar
3,innovación
3,desde
3,por
3,ejemplo
3,todo
3,el
3,servicio
3,que
3,facilitar
3,a
3,el
3,joven
3,de
3,hoy
3,en
3,día
3,todo
3,el
3,promoción
3,que
3,tener
3,además
3,transmitir
3,como
3,mucho
3,el
3,idea
3,de
3,colaboración
3,y
3,cercanía
3,entre
3,banco
3,y
3,su
3,cliente
3,entonces
3,yo
3,creer
3,que
3,ser
3,bastante
3,positivo
3,el
3,imagen
3,que
3,tener
4,bueno
4,yo
4,creer
4,que
4,el
4,primero
4,emoción
4,que
4,yo
4,hacer
4,sentir
4,bbva
4,ser
4,uno
4,poco
4,de
4,indiferencia
4,porque
4,al
4,final
4,no
4,tener
4,ninguno
4,relación
4,cercano
4,con
4,el
4,banco
4,por
4,así
4,decir él
4,ni
4,por
4,cuenta
4,mía
4,personal
4,ni
4,por
4,gente
4,de
4,mi
4,entorno
4,y
4,luego
4,obviamente
4,también
4,rechazo
4,pero
4,bueno
4,ya
4,mover
4,hacia
4,el
4,segundo
4,pregunta
4,yo
4,creer
4,que
4,él
4,diferenciar
4,uno
4,poco
4,en
4,el
4,que
4,sí
4,que
4,aunque
4,yo
4,no
4,tener
4,ninguno
4,participación
4,como
4,tal
4,en
4,el
4,banco
4,sí
4,que
4,ser
4,uno
4,banco
4,del
4,que
4,tener
4,constancia
4,día
4,a
4,día
4,ya
4,ser
4,por
4,publicidad
4,por
4,ese
4,por
4,el
4,boca
4,a
4,boca
4,y
4,porque
4,a
4,él
4,mejor
4,sí
4,que
4,él
4,mencionar
4,el
4,noticia
4,y
4,ya
4,el
4,último
4,pregunta
4,bueno
4,como
4,uno
4,poco
4,de
4,rechazo
4,también
4,que
4,tener
4,hacia
4,el
4,imagen
4,principalmente
4,por
4,ya
4,por
4,el
4,rechazo
4,de
4,ser
4,uno
4,banco
4,pero
4,sí
4,que
4,a
4,él
4,mejor
4,como
4,ya
4,el
4,propio
4,logo
4,de
4,el
4,marca
4,en
4,caso
4,de
4,este
4,banco
4,no
4,pensar
4,directamente
4,en
4,el
4,banco
4,sino
4,que
4,ya
4,asignar
4,bbva
4,como
4,algo
4,externo
4,al
4,propio
4,funcionamiento
4,del
4,banco
5,para
5,mi
5,caixabank
5,bueno
5,no
5,yo
5,hacer
5,sentir
5,mucho
5,cómodo
5,del
5,todo
5,porque
5,haber
5,tener
5,experiencia
5,no
5,mucho
5,positivo
5,pero
5,creer
5,que
5,tener
5,aspecto
5,que
5,él
5,diferenciar
5,con
5,otro
5,banco
5,como
5,por
5,ejemplo
5,para
5,el
5,joven
5,con
5,el
5,carnet
5,jova
5,al
5,menos
5,hasta
5,el
5,26
5,que
5,ser
5,sin
5,comisión
5,tener
5,ventaja
5,tener
5,promoción
5,y
5,poder
5,participar
5,en
5,mucho
5,cosa
5,pero
5,a
5,partir
5,de
5,el
5,26
5,hasta
5,el
5,30
5,sí
5,que
5,tú
5,cobrar
5,comisión
5,si
5,no
5,llegar
5,a
5,cumplir
5,cierto
5,requisito
5,y
5,yo
5,creer
5,que
5,el
5,imagen
5,de
5,el
5,marca
5,caixabank
5,ser
5,buen
5,pero
5,al
5,haber
5,tener
5,mala
5,experiencia
5,entonces
5,ese
5,haber
5,bajar
5,mi
5,puntuación
6,kashabang
6,hacer
6,que
6,sentar
6,que
6,ser
6,mucho
6,próximo
6,a
6,el
6,joven
6,y
6,creer
6,que
6,ser
6,algo
6,que
6,él
6,diferencia
6,de
6,el
6,otro
6,banco
6,porque
6,proporcionar
6,el
6,carnet
6,jova
6,que
6,aportar
6,mucho
6,beneficio
6,a
6,el
6,joven
6,y
6,en
6,cuanto
6,a
6,el
6,imagen
6,que
6,dar
6,por
6,experiencia
6,propio
6,yo
6,creer
6,que
6,ser
6,bastante
6,estricto
6,con
6,el
6,extranjero
6,sobre
6,todo
6,con
6,el
6,chino
6,pero
6,imagen
6,en
6,general
6,yo
6,creer
6,que
6,ser
6,uno
6,de
6,el
6,banco
6,más
6,utilizado
6,al
6,menos
6,en
6,cataluña
6,y
6,sobre
6,todo
6,por
6,joven
6,pero
6,también
6,saber
6,que
6,para
6,gente
6,mayor
6,también
7,vale
7,pues
7,caixabank
7,yo
7,parecer
7,uno
7,banco
7,como
7,cualquiera
7,otro
7,pero
7,su
7,logo
7,y
7,su
7,marca
7,personal
7,pues
7,yo
7,dar
7,el
7,sensación
7,de
7,que
7,ser
7,más
7,orientado
7,a
7,el
7,negocio
7,a
7,crear
7,lazo
7,entre
7,autónomo
7,pyme
7,como
7,que
7,no
7,yo
7,parecer
7,uno
7,banco
7,mucho
7,joven
7,que
7,decir
7,ser
7,como
7,que
7,ya
7,ir
7,ya
7,mucho
7,año
7,en
7,el
7,mercado
7,y
7,no
7,ser
7,él
7,mismo
7,que
7,decir
7,imagine
7,que
7,tener
7,otro
7,marca
7,relacionado
7,con
7,el
7,medioambiente
7,con
7,el
7,joven
7,revolu
7,también
7,con
7,ese
7,imagen
7,internacional
7,o
7,sea
7,yo
7,decir
7,que
7,caixabank
7,definitivamente
7,ser
7,uno
7,banco
7,que
7,creer
7,confianza
7,y
7,seguridad
8,pues
8,bbva
8,yo
8,transmitir
8,mucho
8,confianza
8,y
8,seguridad
8,porque
8,al
8,ser
8,uno
8,banco
8,grande
8,y
8,uno
8,de
8,el
8,principal
8,banco
8,pues
8,entonces
8,yo
8,transmitir
8,que
8,el
8,dinero
8,ser
8,seguro
8,que
8,no
8,ir
8,a
8,haber
8,problema
8,que
8,todo
8,el
8,información
8,ser
8,veraz
8,y
8,él
8,informar
8,mucho
8,bien
8,al
8,cliente
8,para
8,saber
8,qué
8,ser
8,él
8,que
8,estar
8,hacer
8,entonces
8,pues
8,haber
8,mucho
8,confianza
8,y
8,seguridad
8,en
8,ese
8,banco
8,y
8,que
8,el
8,dinero
8,ir
8,a
8,estar
8,seguro
8,ahí
8,luego
8,en
8,cuanto
8,a
8,diferencia
8,con
8,otro
8,banco
8,yo
8,personalmente
8,no
8,tener
8,ninguno
8,cuenta
8,en
8,bbva
8,pero
8,imaginar
8,que
8,él
8,diferenciar
8,según
8,el
8,producto
8,que
8,tener
8,o
8,diferente
8,condición
8,a
8,él
8,mejor
8,destacar
8,en
8,uno
8,área
8,sobre
8,otro
8,poder
8,ser
8,préstamo
8,inversión
8,cuenta
8,remunerada
8,no
8,él
8,saber
8,y
8,luego
8,para
8,el
8,último
8,parte
8,el
8,imagen
8,de
8,marca
8,pues
8,ese
8,ser
8,de
8,uno
8,marca
8,fuerte
8,establecido
8,con
8,uno
8,base
8,mucho
8,grande
8,de
8,cliente
8,ser
8,uno
8,marca
8,transparente
8,fuerte
8,que
8,transmitir
8,confianza
8,y
8,uno
8,lugar
8,mucho
8,seguro
8,y
8,tradicional
8,poder
8,tener
8,el
8,dinero
8,con
8,sucursal
8,físico
8,si
8,ocurrir
8,alguno
8,problema
8,y
8,ser
8,uno
8,de
8,el
8,principal
8,banco
8,de
8,españa
8,y
8,en
8,el
8,que
8,mucho
8,gente
8,tener
8,confianza
8,en
8,él
9,bbva
9,yo
9,hacer
9,sentir
9,sobre
9,todo
9,con
9,mucho
9,seguridad
9,es
9,decir
9,que
9,todo
9,él
9,que
9,él
9,deposito
9,estar
9,en
9,uno
9,entorno
9,seguro
9,además
9,haber
9,uno
9,gran
9,profesionalidad
9,en
9,cuanto
9,al
9,trato
9,al
9,cliente
9,en
9,cuanto
9,a
9,el
9,diferencia
9,con
9,otro
9,banco
9,yo
9,gustar
9,destacar
9,su
9,app
9,para
9,móvil
9,el
9,aplicación
9,tener
9,uno
9,formato
9,mucho
9,cómodo
9,para
9,manejar
9,y
9,sugerir
9,ese
9,sensación
9,de
9,seguridad
9,en
9,general
9,el
9,imagen
9,de
9,bbva
9,sugerir
9,uno
9,entorno
9,seguro
9,uno
9,buen
9,atención
9,al
9,cliente
9,y
9,confianza
9,en
9,su
9,labor
10,mi
10,opinión
10,sobre
10,el
10,caixa
10,ser
10,que
10,ser
10,el
10,peor
10,banco
10,bueno
10,qué
10,aspecto
10,el
10,diferencia
10,de
10,el
10,otro
10,ser
10,que
10,ser
10,el
10,más
10,grande
10,nada
10,más
10,y
10,qué
10,opina
10,de
10,el
10,imagen
10,de
10,marca
10,de
10,el
10,caixa
10,pues
10,no
10,tener
10,mucho
10,buena
10,opinión
10,sobre
11,bbva
11,pues
11,yo
11,hacer
11,sentir
11,bastante
11,indiferente
11,porque
11,él
11,único
11,que
11,saber
11,ser
11,que
11,ser
11,del
11,país
11,vasco
11,ver
11,alguno
11,noticia
11,de
11,que
11,apoyar
11,o
11,sea
11,hacer
11,inversión
11,en
11,el
11,guerra
11,armamentístico
11,no
11,yo
11,acordar
11,creer
11,que
11,el
11,de
11,ucrania
11,o
11,el
11,de
11,israel
11,ya
11,no
11,yo
11,acordar
11,pero
11,por
11,ese
11,pues
11,no
11,él
11,apoyar
11,pero
11,desde
11,siempre
11,pues
11,haber
11,oer
11,de
11,bbva
11,y
11,bueno
11,pues
11,normal
11,en
11,cuanto
11,al
11,servicio
11,bbva
11,no
11,saber
11,el
11,verdad
11,ser
11,que
11,otro
11,compañía
11,bancario
11,él
11,diferenciar
11,ya
11,que
11,no
11,él
11,haber
11,usar
11,tampoco
11,haber
11,escuchar
11,mucho
11,opinión
11,acerca
11,de
11,este
11,banco
11,y
11,en
11,cuanto
11,a
11,el
11,imagen
11,de
11,bbva
11,pues
11,creer
11,que
11,ser
11,de
11,el
11,que
11,haber
11,estar
11,en
11,españa
11,más
11,tiempo
11,si
11,ser
11,así
11,y
11,creer
11,que
11,el
11,imagen
11,ser
11,de
11,como
11,autoritario
11,tipo
11,de
11,confiable
11,no
11,de
11,que
11,ser
11,confiable
12,pues
12,caixabank
12,no
12,yo
12,hacer
12,sentir
12,nada
12,particular
12,decir
12,que
12,uno
12,sentimiento
12,intermedio
12,tener
12,respecto
12,a
12,caixabank
12,después
12,no
12,tú
12,saber
12,decir
12,cuál
12,ser
12,el
12,aspecto
12,que
12,diferenciar
12,a
12,caixabank
12,porque
12,no
12,estar
12,mucho
12,familiarizado
12,con
12,el
12,oferta
12,de
12,este
12,banco
12,y
12,a
12,nivel
12,marca
12,de
12,banco
12,sí
12,que
12,reconocer
12,que
12,tener
12,mucho
12,buen
12,imagen
12,entonces
12,decir
12,que
12,tener
12,uno
12,imagen
12,de
12,marca
12,bastante
12,buen
13,este
13,banco
13,no
13,yo
13,hacer
13,sentir
13,nada
13,porque
13,no
13,haber
13,ser
13,cliente
13,de
13,este
13,banco
13,y
13,luego
13,diferenciar
13,entre
13,banco
13,pues
13,ser
13,que
13,su
13,logo
13,ser
13,más
13,llamativo
13,que
13,el
13,otro
13,banco
13,y
13,otro
13,cosa
13,no
13,ser
13,capaz
13,de
13,decir
13,y
13,tercero
13,el
13,imagen
13,de
13,el
13,marca
13,del
13,banco
13,pues
13,no
13,haber
13,oer
13,nada
13,malo
13,sobre
13,este
13,banco
15,qué
15,tú
15,hacer
15,sentir
15,bbva
15,ser
15,sincero
15,yo
15,ser
15,usuario
15,de
15,este
15,banco
15,y
15,básicamente
15,él
15,uso
15,porque
15,mi
15,padre
15,él
15,usar
15,aunque
15,al
15,estar
15,como
15,bbva
15,durante
15,uno
15,tiempo
15,sentir
15,que
15,ser
15,uno
15,banco
15,que
15,transmitir
15,confianza
15,tener
15,uno
15,personal
15,agradable
15,y
15,estar
15,distribuido
15,por
15,todo
15,parte
15,por
15,él
15,que
15,yo
15,transmitir
15,paz
15,simpatía
15,y
15,seguridad
15,en
15,qué
15,aspecto
15,creser
15,que
15,bbva
15,él
15,diferenciar
15,de
15,otro
15,compañía
15,bancario
15,pues
15,en
15,el
15,rapidez
15,que
15,él
15,realizar
15,el
15,bitum
15,y
15,el
15,transacción
15,el
15,aplicación
15,ser
15,mucho
15,fácil
15,de
15,usar
15,y
15,además
15,en
15,mi
15,opinión
15,bbva
15,él
15,caracterizar
15,por
15,tener
15,uno
15,elevado
15,solvencia
15,y
15,rentabilidad
15,además
15,en
15,caso
15,de
15,pérdida
15,o
15,robo
15,de
15,tarjeta
15,solo
15,necesitar
15,5
15,segundo
15,para
15,cancelar él
15,y
15,uno
15,semana
15,para
15,que
15,tú
15,llegar
15,uno
15,nuevo
15,y
15,en
15,cuanto
15,a
15,el
15,opinión
15,de
15,el
15,imagen
15,de
15,marca
15,de
15,bbva
15,yo
15,percibir
15,que
15,el
15,imagen
15,de
15,marca
15,de
15,bbva
15,ser
15,moderno
15,sólido
15,y
15,global
15,su
15,color
15,azul
15,yo
15,transmitir
15,ese
15,calma
15,y
15,confianza
15,y
15,además
15,yo
15,creer
15,que
15,él
15,que
15,más
15,destacar
15,bbva
15,ser
15,su
15,énfasis
15,en
15,el
15,innovación
15,tecnológico
15,y
15,en
15,el
15,ayuda
15,a
15,el
15,persona
15,para
15,tomar
15,mejor
15,decisión
15,financiero
16,bueno
16,el
16,banco
16,bbva
16,ser
16,por
16,así
16,decir él
16,uno
16,de
16,el
16,grande
16,banco
16,de
16,españa
16,de
16,el
16,más
16,conocido
16,y
16,él
16,que
16,diferenciar
16,a
16,otro
16,compañía
16,él
16,desconocer
16,porque
16,yo
16,ser
16,del
16,banco
16,santander
16,y
16,en
16,cuanto
16,a
16,el
16,imagen
16,de
16,el
16,marca
16,bbva
16,pues
16,yo
16,acordar
16,que
16,hacer
16,uno
16,año
16,patrocinar
16,el
16,liga
16,y
16,a
16,partir
16,de
16,ahí
16,él
16,hacer
16,bastante
16,popular
16,bueno
16,en
16,mi
16,caso
16,yo
16,conocer
16,ese
16,banco
17,el
17,caixa
17,ser
17,el
17,banco
17,en
17,el
17,que
17,estar
17,actualmente
17,y
17,el
17,verdad
17,ser
17,que
17,no
17,yo
17,inspirar
17,desconfianza
17,tampoco
17,porque
17,al
17,menos
17,el
17,experiencia
17,que
17,yo
17,haber
17,tener
17,de
17,trato
17,ser
17,bastante
17,cercano
17,sí
17,que
17,ser
17,verdad
17,que
17,yo
17,al
17,tener
17,uno
17,cuenta
17,joven
17,pues
17,no
17,yo
17,cobrar
17,comisión
17,y
17,pues
17,poder
17,disfrutar
17,de
17,uno
17,cierto
17,ventaja
17,con
17,respecto
17,a
17,otro
17,cliente
17,y
17,creer
17,que
17,también
17,ese
17,ser
17,algo
17,que
17,él
17,diferenciar
17,a
17,otro
17,entidad
17,bancario
17,porque
17,al
17,final
17,no
17,todo
17,tener
17,ese
17,tipo
17,de
17,política
17,con
17,respecto
17,a
17,su
17,cliente
17,entonces
17,yo
17,creer
17,que
17,ese
17,ser
17,algo
17,positivo
17,y
17,el
17,imagen
17,que
17,dar
17,ser
17,como
17,de
17,uno
17,banco
17,sostenible
17,que
17,intentar
17,ser
17,como
17,él
17,más
17,cercano
17,al
17,cliente
17,y
17,beneficiar él
17,que
17,tener
17,como
17,uno
17,política
17,de
17,préstamo
17,también
17,como
17,para
17,animar tú
17,a
17,que
17,tú
17,uno
17,pero
17,al
17,final
17,yo
17,creer
17,que
17,ese
17,ser
17,algo
17,espiritual
17,ser
17,uno
17,publicidad
17,que
17,hacer
17,todo
17,el
17,banco
17,como
17,para
17,que
17,deposites 
17,ahí
17,tu
17,dinero
17,entonces
17,no
17,yo
17,inspirar
17,desconfianza
17,pero
17,tampoco
17,creer
17,que
17,haber
17,que
17,fiar él
17,completamente
18,vale
18,pues
18,el
18,bbva
18,como
18,banco
18,yo
18,hacer
18,sentir
18,que
18,ser
18,uno
18,banco
18,confiable
18,porque
18,ser
18,uno
18,de
18,el
18,más
18,grande
18,banco
18,al
18,menos
18,que
18,usar
18,en
18,españa
18,y
18,al
18,final
18,que
18,ser
18,tanto
18,grande
18,dar
18,como
18,mucho
18,estabilidad
18,y
18,confianza
18,en
18,el
18,sentido
18,de
18,que
18,probablemente
18,no
18,ir
18,a
18,quebrar
18,entonces
18,pues
18,confiar
18,en
18,dejar
18,el
18,dinero
18,ahí
18,luego
18,pues
18,en
18,qué
18,él
18,diferenciar
18,con
18,otro
18,pues
18,sobre
18,todo
18,en
18,ese
18,en
18,que
18,ser
18,grande
18,en
18,que
18,ese
18,hacer
18,sentir
18,confiable
18,y
18,que
18,no
18,él
18,saber
18,yo
18,creer
18,que
18,ese
18,sobre
18,todo
18,y
18,luego
18,con
18,respecto
18,a
18,el
18,imagen
18,de
18,marca
18,pues
18,no
18,él
18,tener
18,mucho
18,localizado
18,no
18,ser
18,uno
18,banco
18,que
18,soler
18,hacer
18,mucho
18,anuncio
18,al
18,menos
18,que
18,yo
18,haber
18,ver
18,ni
18,mucho
18,propaganda
18,entonces
18,bueno
18,sí
18,ser
18,verdad
18,que
18,tener
18,uno
18,logo
18,mucho
18,característico
18,y
18,que
18,todo
18,el
18,mundo
18,tener
18,en
18,mente
18,y
18,el
18,color
18,también
18,de
18,el
18,marca
18,pero
18,más
18,allá
18,de
18,ese
18,saber
18,que
18,estar
18,saber
18,que
18,estar
18,pero
18,tampoco
18,él
18,hacer
18,mucho
18,de
18,notar
19,banco
19,asignado
19,skysha
19,bank
19,casualmente
19,ser
19,mi
19,banco
19,con
19,él
19,cual
19,yo
19,hacer
19,sentir
19,seguridad
19,y
19,confianza
19,porque
19,ser
19,el
19,banco
19,donde
19,llevar
19,todo
19,el
19,vida
19,entonces
19,pues
19,conocer
19,bien
19,a
19,mi
19,gestor
19,yo
19,gustar
19,el
19,aplicación
19,yo
19,parecer
19,que
19,el
19,aplicación
19,ser
19,mucho
19,intuitivo
19,ser
19,mucho
19,fácil
19,utilizar él
19,no
19,creer
19,que
19,ser
19,el
19,banco
19,que
19,yo
19,dar
19,más
19,beneficio
19,yo
19,parecer
19,que
19,tener
19,creer
19,mejor
19,plan
19,de
19,cuenta
19,remunerada
19,y
19,demá
19,pero
19,bueno
19,como
19,llevar
19,tanto
19,año
19,yo
19,estar
19,mucho
19,cómodo
19,en
19,ese
19,banco
19,creer
19,que
19,él
19,diferenciar
19,de
19,otro
19,en
19,que
19,pues
19,no
19,saber
19,tener
19,como
19,uno
19,imagen
19,mucho
19,consolidado
19,estar
19,mucho
19,acostumbrado
19,a
19,ver
19,el
19,caixa
19,en
19,todo
19,parte
19,tener
19,mucho
19,cajero
19,dar
19,el
19,sensación
19,de
19,que
19,ir
19,a
19,poder
19,sacar
19,dinero
19,de
19,el
19,caixa
19,en
19,cualquiera
19,parte
19,y
19,ya
20,yo
20,no
20,tener
20,uno
20,cuenta
20,bancario
20,como
20,bbva
20,y
20,tampoco
20,haber
20,pensar
20,tener él
20,ya
20,que
20,haber
20,escuchar
20,a
20,otro
20,persona
20,decir
20,que
20,tratar
20,diferente
20,a
20,persona
20,según
20,su
20,nacionalidad
21,el
21,cuenta
21,de
21,caixabank
21,yo
21,hacer
21,sentir
21,estar
21,cómodo
21,porque
21,tener
21,cajero
21,mucho
21,cajero
21,distribuido
21,por
21,todo
21,el
21,ciudad
21,de
21,barcelona
21,y
21,creer
21,que
21,ser
21,el
21,más
21,común
21,de
21,aquí
21,por
21,tanto
21,poder
21,hacer
21,gestión
21,desde
21,cualquiera
21,parte
21,de
21,el
21,ciudad
21,por
21,otro
21,lado
21,no
21,saber
21,en
21,concreto
21,en
21,qué
21,él
21,diferenciar
21,de
21,otro
21,compañía
21,pero
21,yo
21,creer
21,que
21,el
21,cuenta
21,de
21,imagine
21,que
21,tener
21,ser
21,bastante
21,común
21,y
21,útil
21,para
21,estudiante
21,que
21,no
21,tener
21,ingreso
21,como
21,tal
21,por
21,él
21,que
21,él
21,yo
21,hacer
21,difícil
21,de
21,crear
21,uno
21,cuenta
21,bancario
21,y
21,otro
21,parte
21,que
21,tampoco
21,pedir
21,coste
21,adicional
21,para
21,mantener
21,el
21,cuenta
21,finalmente
21,yo
21,creer
21,que
21,el
21,imagen
21,de
21,caixabank
21,ser
21,bastante
21,buen
21,y
21,prestigioso
21,decir
21,porque
21,ya
21,que
21,ser
21,catalán
21,el
21,empresa
21,ser
21,bastante
21,común
21,y
21,el
21,gente
21,él
21,utilizar
21,mucho
23,el
23,banco
23,que
23,él
23,yo
23,haber
23,asignar
23,ser
23,bbva
23,yo
23,el
23,verdad
23,que
23,no
23,saber
23,mucho
23,sobre
23,banco
23,entonces
23,qué
23,yo
23,hacer
23,sentir
23,pues
23,el
23,verdad
23,que
23,no
23,tener
23,ninguno
23,sentimiento
23,fuertemente
23,asociado
23,a
23,bbva
23,en
23,general
23,decir
23,que
23,no
23,tener
23,uno
23,imagen
23,super
23,positivo
23,de
23,el
23,banca
23,luego
23,en
23,qué
23,sentir
23,que
23,él
23,diferenciar
23,de
23,otro
23,de
23,nuevo
23,no
23,él
23,saber
23,porque
23,tener
23,mucho
23,poco
23,conocimiento
23,sobre
23,el
23,distinto
23,banco
23,más
23,allá
23,del
23,mío
23,y
23,sobre
23,su
23,imagen
23,de
23,marca
23,pues
23,de
23,nuevo
23,no
23,tener
23,mucho
23,idea
23,él
23,último
23,que
23,haber
23,escuchar
23,sobre
23,el
23,bbva
23,ser
23,este
23,tercero
23,y
23,ser
23,él
23,único
23,que
23,conocer
23,así
23,uno
23,poco
23,sobre
23,él
24,bueno
24,yo
24,parecer
24,buen
24,marca
24,bueno
24,no
24,conocer
24,mucho
24,más
24,banco
24,que
24,aparte
24,de
24,bbva
24,y
24,también
24,el
24,caixa
24,pero
24,creer
24,que
24,a
24,diferencia
24,de
24,otro
24,pues
24,proporcionar
24,bastante
24,servicio
24,bueno
24,su
24,servicio
24,ser
24,bastante
24,completo
24,y
24,estar
24,bastante
24,satisfecho
24,bueno
24,y
24,al
24,final
24,pues
24,el
24,imagen
24,de
24,el
24,marca
24,pues
24,bueno
24,yo
24,parecer
24,bien
25,caixabank
25,yo
25,dar
25,el
25,sensación
25,de
25,ser
25,uno
25,banco
25,mucho
25,antiguo
25,con
25,mucho
25,historia
25,y
25,ese
25,poder
25,parecer
25,que
25,no
25,ser
25,tanto
25,innovador
25,que
25,otro
25,banco
25,más
25,moderno
25,aspecto
25,al
25,haber él
25,fusionar
25,con
25,bankia
25,poder
25,ser
25,que
25,estar
25,más
25,extendido
25,que
25,otro
25,banco
25,pero
25,su
25,trato
25,creer
25,que
25,haber
25,empeorar
25,y
25,acerca
25,de
25,su
25,logotipo
25,y
25,marca
25,yo
25,gustar
25,mucho
25,su
25,imagen
25,uno
25,símbolo
25,de
25,estrella
25,gigante
25,que
25,parecer
25,proteger
25,a
25,dos
25,esfera
25,mucho
25,pequeño
25,dar
25,el
25,impresión
25,de
25,seguridad
25,y
25,cuidado
26,para
26,responder
26,el
26,primero
26,pregunta
26,de
26,qué
26,yo
26,hacer
26,sentir
26,bbva
26,ser
26,que
26,el
26,verdad
26,no
26,estar
26,con
26,bbva
26,pues
26,no
26,conocer
26,mucho
26,este
26,marca
26,de
26,banco
26,pero
26,él
26,que
26,yo
26,hacer
26,sentir
26,ser
26,como
26,uno
26,banco
26,bastante
26,conocido
26,en
26,españa
26,bastante
26,popular
26,haber
26,uno
26,montón
26,de
26,local
26,de
26,banco
26,de
26,bbva
26,y
26,el
26,siguiente
26,pregunta
26,de
26,qué
26,hacer
26,diferencia
26,con
26,otro
26,banco
26,pues
26,creer
26,que
26,con
26,el
26,reforma
26,que
26,tener
26,el
26,imagen
26,de
26,el
26,marca
26,creer
26,que
26,querer
26,transmitir
26,uno
26,sensación
26,de
26,confianza
26,de
26,serio
26,ser
26,como
26,uno
26,banco
26,más
26,serio
26,que
26,tú
26,dar
26,confianza
26,responsabilidad
26,así
26,también
26,ser
26,como
26,más
26,moderno
26,con
26,el
26,digitalización
26,de
26,el
26,app
26,todo
26,ese
26,cosa
26,y
26,el
26,imagen
26,de
26,el
26,marca
26,bueno
26,ser
26,él
26,que
26,haber
26,decir
26,antes
26,pues
26,ser
26,como
26,uno
26,banco
26,más
26,serio
26,más
26,más
26,estar
26,por
26,el
26,cosa
26,que
26,hacer
26,que
26,transmitir
26,confianza
26,y
26,ya
26,estar
27,el
27,caixa
27,ser
27,uno
27,banco
27,que
27,siempre
27,haber
27,estar
27,alrededor
27,mío
27,cerca
27,de
27,donde
27,vivir
27,en
27,barcelona
27,haber
27,mucho
27,el
27,caixas
27,y
27,estar
27,por
27,todo
27,parte
27,actualmente
27,no
27,ser
27,cliente
27,de
27,el
27,caixa
27,así
27,que
27,no
27,poder
27,opinar
27,mucho
27,sobre
27,él
27,que
27,sentir
27,de
27,este
27,banco
27,pero
27,sí
27,que
27,ir
27,cliente
27,de
27,el
27,caixa
27,uno
27,vez
27,y
27,no
27,tener
27,mucho
27,buen
27,experiencia
27,con
27,alguno
27,servicio
27,que
27,ofrecer
27,cómo
27,él
27,diferenciar
27,el
27,caixabank
27,el
27,verdad
27,ser
27,que
27,caixabank
27,hacer
27,uno
27,año
27,hacer
27,uno
27,reforma
27,a
27,el
27,oficina
27,y
27,aparentemente
27,ser
27,más
27,agradable
27,y
27,ofrecer
27,café
27,y
27,agua
27,a
27,el
27,cliente
27,y
27,también
27,ver
27,mucho
27,gente
27,mayor
27,que
27,atender
27,este
27,banco
27,así
27,que
27,creer
27,que
27,también
27,dar
27,uno
27,mucho
27,buen
27,imagen
27,a
27,el
27,cliente
27,y
27,al
27,público
27,solo
27,que
27,mi
27,experiencia
27,personal
27,no
27,haber
27,ser
27,mucho
27,buen
28,pues
28,sobre
28,el
28,primero
28,pregunta
28,de
28,qué
28,yo
28,hacer
28,sentir
28,bbva
28,creer
28,que
28,ser
28,uno
28,banco
28,que
28,transmitir
28,uno
28,poco
28,uno
28,sensación
28,de
28,modernidad
28,especialmente
28,sobre
28,todo
28,porque
28,ser
28,uno
28,banco
28,que
28,haber
28,tratar
28,de
28,posicionar él
28,especialmente
28,como
28,cercano
28,al
28,público
28,en
28,varios
28,sentido
28,cercano
28,a
28,el
28,cliente
28,creer
28,que
28,tener
28,uno
28,relación
28,cercano
28,con
28,el
28,cliente
28,y
28,actualmente
28,haber
28,tener
28,uno
28,cambio
28,de
28,identidad
28,con
28,anteriormente
28,sobre
28,el
28,banca
28,online
28,digital
28,y
28,creer
28,que
28,el
28,experiencia
28,del
28,cliente
28,haber
28,mejorar
28,bastante
28,en
28,ese
28,sentido
28,después
28,creer
28,que
28,sobre
28,el
28,segundo
28,pregunta
28,en
28,qué
28,aspecto
28,creser
28,que
28,bbva
28,él
28,diferenciar
28,de
28,otro
28,compañía
28,creer
28,que
28,ser
28,principalmente
28,por
28,el
28,tema
28,que
28,mencionar
28,anteriormente
28,el
28,cercanía
28,a
28,el
28,persona
28,porque
28,yo
28,llamar
28,mucho
28,el
28,atención
28,todo
28,el
28,tema
28,que
28,tener
28,bbva
28,de
28,el
28,charla
28,que
28,dar
28,no
28,saber
28,ahora
28,mismo
28,el
28,nombre
28,de
28,este
28,pero
28,haber
28,mucho
28,vídeo
28,en
28,internet
28,sobre
28,mucho
28,tema
28,ya
28,ser
28,tema
28,social
28,tema
28,más
28,de
28,banca
28,tema
28,económico
28,cualquiera
28,tipo
28,de
28,temática
28,que
28,subir
28,vídeo
28,bastante
28,interesante
28,y
28,que
28,por
28,ejemplo
28,personalmente
28,no
28,ser
28,cliente
28,de
28,bbva
28,pero
28,que
28,aún
28,así
28,tú
28,él
28,ver
28,porque
28,ser
28,tema
28,que
28,interesar
28,y
28,además
28,hacer
28,que
28,confíser
28,en
28,el
28,marca
28,más
28,que
28,en
28,otro
28,porque
28,al
28,ser
28,más
28,cercano
28,con
28,cliente
28,y
28,no
28,cliente
28,y
28,él
28,hacer
28,sobre
28,todo
28,más
28,presente
28,entre
28,el
28,persona
28,por
28,tanto
28,sobre
28,qué
28,opinar
28,sobre
28,el
28,imagen
28,de
28,marca
28,de
28,bbva
28,yo
28,parecer
28,que
28,estar
28,hacer
28,uno
28,mucho
28,buen
28,trabajo
28,porque
28,tener
28,uno
28,marca
28,de
28,imagen
28,bastante
28,sólido
28,además
28,de
28,global
28,creer
28,que
28,dentro
28,de
28,españa
28,ser
28,de
28,el
28,marca
28,con
28,mejor
28,reputación
28,y
28,tener
28,uno
28,enfoque
28,que
28,yo
28,gustar
28,bastante
28,sobre
28,el
28,universidad
28,y
28,también
28,tener
28,uno
28,percepción
28,bastante
28,positivo
28,de
28,cliente
28,además
28,de
28,empleado
28,de
28,persona
28,que
28,conocer
28,que
28,trabajar
28,en
28,bbva
28,estar
28,mucho
28,contento
28,y
28,tener
28,uno
28,identidad
28,bastante
28,fuerte
29,creer
29,que
29,caixabank
29,ser
29,uno
29,banco
29,mucho
29,popular
29,bastante
29,moderno
29,y
29,el
29,servicio
29,estar
29,bien
29,creer
29,que
29,él
29,diferenciar
29,bueno
29,como
29,que
29,ser
29,mi
29,banco
29,desde
29,cuando
29,ser
29,mucho
29,pequeño
29,yo
29,creer
29,que
29,él
29,diferenciar
29,por
29,su
29,popularidad
29,el
29,imagen
29,de
29,marca
29,yo
29,creer
29,que
29,el
29,imagen
29,estar
29,bien
29,sí
29,aunque
29,el
29,reseña
29,en
29,google
29,normalmente
29,ser
29,mucho
29,mala
29,pero
29,bueno
29,todo
29,el
29,banco
29,tener
29,este
29,reseña
29,ah
29,sí
29,el
29,chino
29,opinar
29,que
29,caixabank
29,ser
29,mucho
29,difícil
29,de
29,abrir
29,cuenta
29,ahora
29,mismo
29,y
29,sobre
29,todo
29,restringir
29,a
29,el
29,chino
29,no
29,saber
29,si
29,ser
29,verdad
29,pero
29,bueno
29,ese
29,ser
29,el
29,rumor
30,y
30,para
30,ser
30,honesta
30,no
30,conocer
30,a
30,caixa
30,bank
30,tanto
30,uso
30,él
30,el
30,banco
30,que
30,tener
30,no
30,yo
30,haber
30,dedicar
30,a
30,conocer
30,el
30,otro
30,banco
30,tanto
30,así
30,entonces
30,que
30,yo
30,sentir
30,sentimiento
30,hacia
30,el
30,banco
30,hacia
30,caixa
30,bank
30,ser
30,mucho
30,neutro
30,igual
30,que
30,como
30,no
30,él
30,conocer
30,tanto
30,no
30,sentir
30,nada
30,sobre
30,el
30,imagen
30,de
30,marca
30,o
30,cómo
30,él
30,hacer
30,diferente
30,diferencia
30,contra
30,santander
30,ir
30,a
30,decir
31,vale
31,respecto
31,a
31,este
31,pregunta
31,bueno
31,tú
31,él
31,ir
31,responder
31,por
31,enumeración
31,el
31,primero
31,qué
31,tú
31,hacer
31,sentir
31,bbva
31,en
31,general
31,bueno
31,para
31,yo
31,personalmente
31,ser
31,uno
31,banco
31,que
31,utilizar
31,en
31,mi
31,día
31,a
31,día
31,y
31,también
31,mi
31,padre
31,ser
31,cliente
31,de
31,este
31,banco
31,por
31,él
31,tanto
31,yo
31,él
31,asocio
31,más
31,a
31,uno
31,sentimiento
31,familiar
31,también
31,poder
31,ser
31,que
31,porque
31,como
31,haber
31,tener
31,que
31,ir
31,con
31,mi
31,padre
31,a
31,el
31,sucursal
31,para
31,hacer
31,gestión
31,pues
31,entonces
31,sí
31,que
31,él
31,tomar
31,como
31,uno
31,banco
31,familiar
31,respecto
31,a
31,el
31,segundo
31,pregunta
31,yo
31,creer
31,que
31,en
31,él
31,principal
31,él
31,diferenciar
31,en
31,su
31,interfaz
31,de
31,usuario
31,en
31,el
31,aplicación
31,porque
31,ser
31,cliente
31,y
31,haber
31,tener
31,bastante
31,decir
31,cliente
31,de
31,ser
31,bastante
31,blanco
31,yo
31,siempre
31,haber
31,comentar
31,que
31,ser
31,uno
31,modelo
31,a
31,seguir
31,ser
31,uno
31,interfaz
31,mucho
31,fácil
31,de
31,utilizar
31,mucho
31,intuitivo
31,y
31,mucho
31,buen
31,y
31,casi
31,nunca
31,nunca
31,tener
31,fallo
31,o
31,sea
31,que
31,mucho
31,bien
31,y
31,finalmente
31,él
31,que
31,opinar
31,de
31,el
31,imagen
31,de
31,el
31,marca
31,ser
31,que
31,bueno
31,que
31,ser
31,uno
31,marca
31,mucho
31,potenciado
31,uno
31,marca
31,que
31,ya
31,llevar
31,uno
31,recorrido
31,y
31,sobre
31,todo
31,con
31,el
31,apuesta
31,que
31,haber
31,tener
31,recientemente
31,con
31,el
31,tecnología
31,con
31,el
31,criptomoneda
31,y
31,básicamente
31,ver
31,cómo
31,tener
31,uno
31,acción
31,tecnológico
31,en
31,el
31,banco
31,ser
31,algo
31,que
31,deber
31,apostar
31,todo
31,incluido
31,en
31,el
31,que
31,trabajar
31,yo
31,así
31,que
31,ser
31,uno
31,cosa
31,que
31,yo
31,creer
31,que
31,ser
31,uno
31,marca
31,mucho
31,potente
31,y
31,sobre
31,todo
31,asociado
31,a
31,el
31,tecnología
31,vaya 
32,qué
32,tú
32,hacer
32,sentir
32,casabank
32,pues
32,principalmente
32,que
32,ser
32,uno
32,banco
32,bastante
32,completo
32,aparte
32,de
32,el
32,servicio
32,esencial
32,recordar
32,que
32,de
32,pequeño
32,tener
32,el
32,libreta
32,de
32,el
32,super
32,3
32,que
32,ese
32,creer
32,que
32,marcar
32,el
32,diferencia
32,y
32,ahora
32,al
32,crecer
32,realmente
32,yo
32,creer
32,que
32,él
32,diferenciar
32,principalmente
32,por
32,el
32,carnet
32,joven
32,que
32,tú
32,dar
32,uno
32,serie
32,de
32,descuento
32,mucho
32,evento
32,y
32,ese
32,en
32,otro
32,banco
32,no
32,y
32,por
32,último
32,qué
32,opina
32,de
32,el
32,imagen
32,de
32,casabank
32,casabank
32,bastante
32,bien
32,no
32,recordar
32,que
32,haber
32,hacer
32,ninguno
32,decisión
32,así
32,que
32,afectar
32,a
32,su
32,usuario
32,así
32,que
32,mucho
32,positivo
32,en
32,realidad
33,bueno
33,considerar
33,que
33,bbva
33,tener
33,uno
33,imagen
33,de
33,marca
33,mucho
33,potente
33,y
33,que
33,transmitir
33,mucho
33,seguridad
33,a
33,el
33,usuario
33,incluso
33,a
33,el
33,usuario
33,que
33,no
33,ser
33,del
33,propio
33,banco
33,por
33,él
33,que
33,creer
33,que
33,su
33,imagen
33,de
33,marca
33,ser
33,mucho
33,potente
33,además
33,yo
33,hacer
33,sentir
33,seguridad
33,como
33,usuario
33,ser
33,verdad
33,que
33,ser
33,uno
33,banco
33,que
33,no
33,haber
33,utilizar
33,y
33,del
33,que
33,no
33,ser
33,consumidoro
33,pero
33,considerar
33,que
33,transmitir
33,mucho
33,seguridad
33,y
33,tener
33,mucho
33,buen
33,publicidad
33,también
33,y
33,creer
33,que
33,en
33,este
33,también
33,él
33,diferenciar
33,del
33,resto
33,de
33,entidad
33,bancario
33,porque
33,prestar
33,mucho
33,atención
33,a
33,el
33,publicidad
33,y
33,a
33,transmitir
33,el
33,seguridad
33,de
33,su
33,competidor
33,y
33,también
33,a
33,transmitir
33,que
33,ser
33,uno
33,banco
33,que
33,a
33,nivel
33,internacional
33,tener
33,más
33,repercusión
34,a
34,yo
34,personalmente
34,bbva
34,yo
34,transmitir
34,mucho
34,confianza
34,y
34,mucho
34,seguridad
34,decir
34,que
34,él
34,diferenciar
34,del
34,resto
34,de
34,banco
34,sobre
34,todo
34,por
34,su
34,compromiso
34,con
34,el
34,cliente
34,buscar
34,siempre
34,él
34,mejor
34,para
34,él
34,y
34,buscar
34,el
34,manera
34,de
34,transformar él
34,y
34,mejorar
34,e
34,innovar
34,este
34,él
34,poder
34,ver
34,como
34,por
34,ejemplo
34,gracias
34,a
34,el
34,tarjeta
34,aqua
34,que
34,sacar
34,que
34,no
34,tener
34,el
34,número
34,impreso
34,de
34,el
34,cuenta
34,simplemente
34,el
34,nombre
34,algo
34,que
34,garantizar
34,el
34,seguridad
34,de
34,el
34,persona
34,que
34,él
34,llevar
34,que
34,en
34,caso
34,de
34,pérdida
34,poder
34,cancelar
34,ese
34,tarjeta
34,desde
34,el
34,móvil
34,y
34,el
34,persona
34,que
34,encontrar
34,el
34,tarjeta
34,no
34,tener
34,ni
34,el
34,número
34,de
34,cuenta
34,ni
34,nada
34,y
34,por
34,último
34,decir
34,que
34,el
34,imagen
34,de
34,marca
34,creer
34,que
34,estar
34,mucho
34,bien
34,trabajado
34,ya
34,que
34,con
34,uno
34,simple
34,letra
34,y
34,el
34,color
34,azul
34,siempre
34,él
34,asociar
34,a
34,bbva
34,él
34,que
34,sí
34,que
34,decir
34,ser
34,que
34,realmente
34,el
34,sigla
34,poco
34,gente
34,conocer
34,a
34,él
34,que
34,él
34,referir
34,este
34,ser
34,el
34,único
34,falla
34,porque
34,por
34,ejemplo
34,el
34,banco
34,santander
34,ser
34,santanderilla
34,pero
34,bbva
34,tener
34,uno
34,significado
34,detrás
34,que
34,creer
34,que
34,poco
34,gente
34,conocer
35,ante
35,el
35,primero
35,pregunta
35,decir
35,que
35,bbva
35,ser
35,uno
35,de
35,el
35,grande
35,empresa
35,bancario
35,de
35,españa
35,pues
35,yo
35,transmitir
35,uno
35,sensación
35,de
35,confianza
35,y
35,seguridad
35,luego
35,en
35,cuanto
35,a
35,el
35,segundo
35,cuestión
35,pues
35,uno
35,de
35,el
35,principal
35,aspecto
35,que
35,él
35,diferenciar
35,de
35,otro
35,banco
35,ser
35,que
35,tener
35,uno
35,mercado
35,internacional
35,mucho
35,amplio
35,a
35,diferencia
35,de
35,mucho
35,otro
35,entidad
35,como
35,por
35,ejemplo
35,sabadell
35,y
35,luego
35,por
35,último
35,pues
35,considerar
35,que
35,bbva
35,tener
35,uno
35,imagen
35,de
35,marca
35,bastante
35,positivo
35,para
35,su
35,cliente
36,bueno
36,yo
36,actualmente
36,ser
36,cliente
36,de
36,bbva
36,y
36,él
36,que
36,yo
36,hacer
36,sentir
36,ser
36,seguridad
36,sobre
36,todo
36,cuando
36,tener
36,cualquiera
36,tipo
36,de
36,transacción
36,económico
36,que
36,tener
36,que
36,hacer
36,con
36,el
36,banco
36,que
36,él
36,hacer
36,a
36,través
36,de
36,su
36,app
36,móvil
36,en
36,cuanto
36,a
36,el
36,aspecto
36,que
36,creer
36,que
36,hacer
36,que
36,él
36,diferenciar
36,bbva
36,con
36,el
36,resto
36,de
36,el
36,banco
36,ser
36,uno
36,poco
36,más
36,de
36,él
36,mismo
36,a
36,nivel
36,tecnológico
36,creer
36,que
36,el
36,aplicación
36,ser
36,el
36,que
36,más
36,actualizado
36,estar
36,y
36,el
36,que
36,mejor
36,imagen
36,de
36,marca
36,tener
36,y
36,luego
36,en
36,cuanto
36,a
36,el
36,imagen
36,de
36,marca
36,pues
36,creer
36,que
36,ser
36,uno
36,imagen
36,bastante
36,consolidado
36,en
36,el
36,mercado
36,que
36,que
36,por
36,el
36,noticia
36,que
36,soler
36,salir
36,del
36,bbva
36,sobre
36,cualquiera
36,aspecto
36,medioambiental
36,tecnológico
36,político
36,pero
36,que
36,no
36,ser
36,consecuencia
36,grave
36,a
36,efecto
36,de
36,el
36,pandemia
36,ser
36,uno
36,aplicación
36,que
36,tener
36,uno
36,gran
36,cantidad
36,de
36,efecto
36,en
36,el
36,mercado
36,de
36,alguno
36,actividad
36,que
36,haber
36,desarrollar
36,bbva
36,ser
36,decir
36,que
36,tener
36,uno
36,imagen
36,bastante
36,bastante
36,buen
36,en
36,el
36,mercado
36,de
36,confianza
36,y
36,de
36,seguridad
36,y
37,ser
37,cliente
37,de
37,caixabank
37,desde
37,hacer
37,15
37,año
37,y
37,yo
37,creer
37,que
37,su
37,aplicación
37,ser
37,mucho
37,mejor
37,que
37,el
37,otro
37,banco
37,que
37,tener
37,uno
37,cuenta
37,de
37,sabadell
37,que
37,no
37,ser
37,tanto
37,buen
37,como
37,el
37,de
37,el
37,caixa
37,y
37,creer
37,que
37,el
37,caixa
37,ser
37,uno
37,marca
37,que
37,él
37,cuidar
37,de
37,su
37,cliente
38,yo
38,hacer
38,sentir
38,seguridad
38,creer
38,que
38,él
38,diferenciar
38,en
38,que
38,tener
38,el
38,opción
38,de
38,tener
38,el
38,tarjeta
38,imagen
38,que
38,ser
38,como
38,para
38,gente
38,más
38,pequeño
38,no
38,o
38,para
38,joven
38,y
38,también
38,tener
38,el
38,carnet
38,joven
38,que
38,tú
38,ofrecer
38,mucho
38,más
38,desconto
38,y
38,opinar
38,de
38,el
38,imagen
38,de
38,el
38,marca
38,que
38,estar
38,bien
38,no
38,saber
38,ser
38,bastante
38,básico
38,y
38,reconocido
38,incluso
38,uno
38,poco
38,antiguo
38,pero
38,bueno
38,bien
38,gracias
39,caixabank
39,ser
39,el
39,banco
39,en
39,el
39,que
39,estar
39,tener
39,uno
39,buen
39,imagen
39,de
39,marca
39,el
39,interfaz
39,de
39,el
39,aplicación
39,imaging
39,ser
39,buen
39,y
39,pensar
39,que
39,ser
39,uno
39,buen
39,banco
40,yo
40,creer
40,que
40,bbva
40,ser
40,uno
40,banco
40,serio
40,y
40,seguro
40,que
40,llevar
40,mucho
40,año
40,y
40,estar
40,por
40,bastante
40,aislado
40,ser
40,diferente
40,que
40,otro
40,banco
40,porque
40,creer
40,que
40,él
40,tratar
40,más
40,cosa
40,online
40,y
40,ofrecer
40,mucho
40,oferta
40,para
40,el
40,estudiante
40,para
40,el
40,inmigrante
40,también
40,haber
40,escuchar
40,de
40,que
40,hacer
40,promoción
40,o
40,cuenta
40,más
40,accesibl
40,para
40,el
40,inmigrante
40,que
40,ser
40,mucho
40,bien
40,para
40,el
40,inmigrante
40,aunque
40,ahora
40,creer
40,que
40,él
40,haber
40,cambiar
40,uno
40,poco
40,el
40,norma
40,y
40,salir
40,de
40,ahí
